nb_cons,nb_prod,nb threads,Mesure i,time
1,1,1,1,0:00.27
1,1,1,2,0:00.27
1,1,1,3,0:00.28
1,1,1,4,0:00.28
1,1,1,5,0:00.27
2,1,1,1,0:00.40
2,1,1,2,0:00.46
2,1,1,3,0:00.32
2,1,1,4,0:00.44
2,1,1,5,0:00.32
2,2,1,1,0:00.20
2,2,1,2,0:00.15
2,2,1,3,0:00.16
2,2,1,4,0:00.17
2,2,1,5,0:00.15
3,2,1,1,0:00.27
3,2,1,2,0:00.26
3,2,1,3,0:00.26
3,2,1,4,0:00.28
3,2,1,5,0:00.28
3,3,1,1,0:00.22
3,3,1,2,0:00.21
3,3,1,3,0:00.21
3,3,1,4,0:00.19
3,3,1,5,0:00.17
4,3,1,1,0:00.20
4,3,1,2,0:00.23
4,3,1,3,0:00.21
4,3,1,4,0:00.23
4,3,1,5,0:00.19
4,4,1,1,0:00.15
4,4,1,2,0:00.16
4,4,1,3,0:00.18
4,4,1,4,0:00.18
4,4,1,5,0:00.18
5,4,1,1,0:00.21
5,4,1,2,0:00.20
5,4,1,3,0:00.20
5,4,1,4,0:00.20
5,4,1,5,0:00.19
5,5,1,1,0:00.17
5,5,1,2,0:00.18
5,5,1,3,0:00.19
5,5,1,4,0:00.17
5,5,1,5,0:00.20
6,5,1,1,0:00.17
6,5,1,2,0:00.20
6,5,1,3,0:00.18
6,5,1,4,0:00.18
6,5,1,5,0:00.20
6,6,1,1,0:00.19
6,6,1,2,0:00.17
6,6,1,3,0:00.18
6,6,1,4,0:00.18
6,6,1,5,0:00.19
7,6,1,1,0:00.18
7,6,1,2,0:00.18
7,6,1,3,0:00.20
7,6,1,4,0:00.20
7,6,1,5,0:00.22
7,7,1,1,0:00.18
7,7,1,2,0:00.18
7,7,1,3,0:00.40
7,7,1,4,0:00.39
7,7,1,5,0:00.17
8,7,1,1,0:00.19
8,7,1,2,0:00.19
8,7,1,3,0:00.19
8,7,1,4,0:00.18
8,7,1,5,0:00.19
8,8,1,1,0:00.18
8,8,1,2,0:00.19
8,8,1,3,0:00.17
8,8,1,4,0:00.19
8,8,1,5,0:00.19
9,8,1,1,0:00.19
9,8,1,2,0:00.20
9,8,1,3,0:00.20
9,8,1,4,0:00.20
9,8,1,5,0:00.18
9,9,1,1,0:00.17
9,9,1,2,0:00.19
9,9,1,3,0:00.19
9,9,1,4,0:00.18
9,9,1,5,0:00.20
10,9,1,1,0:00.19
10,9,1,2,0:00.19
10,9,1,3,0:00.19
10,9,1,4,0:00.19
10,9,1,5,0:00.19
10,10,1,1,0:00.20
10,10,1,2,0:00.19
10,10,1,3,0:00.19
10,10,1,4,0:00.20
10,10,1,5,0:00.19
11,10,1,1,0:00.19
11,10,1,2,0:00.20
11,10,1,3,0:00.20
11,10,1,4,0:00.19
11,10,1,5,0:00.20
11,11,1,1,0:00.19
11,11,1,2,0:00.19
11,11,1,3,0:00.20
11,11,1,4,0:00.22
11,11,1,5,0:00.19
12,11,1,1,0:00.20
12,11,1,2,0:00.20
12,11,1,3,0:00.18
12,11,1,4,0:00.21
12,11,1,5,0:00.19
12,12,1,1,0:00.19
12,12,1,2,0:00.19
12,12,1,3,0:00.19
12,12,1,4,0:00.18
12,12,1,5,0:00.19
13,12,1,1,0:00.19
13,12,1,2,0:00.19
13,12,1,3,0:00.19
13,12,1,4,0:00.20
13,12,1,5,0:00.19
13,13,1,1,0:00.18
13,13,1,2,0:00.19
13,13,1,3,0:00.19
13,13,1,4,0:00.19
13,13,1,5,0:00.19
14,13,1,1,0:00.19
14,13,1,2,0:00.20
14,13,1,3,0:00.19
14,13,1,4,0:00.18
14,13,1,5,0:00.19
14,14,1,1,0:00.19
14,14,1,2,0:00.19
14,14,1,3,0:00.18
14,14,1,4,0:00.19
14,14,1,5,0:00.19
15,14,1,1,0:00.19
15,14,1,2,0:00.28
15,14,1,3,0:00.20
15,14,1,4,0:00.19
15,14,1,5,0:00.21
15,15,1,1,0:00.19
15,15,1,2,0:00.19
15,15,1,3,0:00.20
15,15,1,4,0:00.20
15,15,1,5,0:00.18
16,15,1,1,0:00.19
16,15,1,2,0:00.20
16,15,1,3,0:00.19
16,15,1,4,0:00.19
16,15,1,5,0:00.19
16,16,1,1,0:00.20
16,16,1,2,0:00.18
16,16,1,3,0:00.19
16,16,1,4,0:00.20
16,16,1,5,0:00.20
17,16,1,1,0:00.19
17,16,1,2,0:00.19
17,16,1,3,0:00.19
17,16,1,4,0:00.19
17,16,1,5,0:00.19
17,17,1,1,0:00.19
17,17,1,2,0:00.19
17,17,1,3,0:00.19
17,17,1,4,0:00.18
17,17,1,5,0:00.19
18,17,1,1,0:00.19
18,17,1,2,0:00.19
18,17,1,3,0:00.19
18,17,1,4,0:00.19
18,17,1,5,0:00.19
18,18,1,1,0:00.18
18,18,1,2,0:00.19
18,18,1,3,0:00.19
18,18,1,4,0:00.19
18,18,1,5,0:00.19
19,18,1,1,0:00.19
19,18,1,2,0:00.18
19,18,1,3,0:00.19
19,18,1,4,0:00.19
19,18,1,5,0:00.19
19,19,1,1,0:00.19
19,19,1,2,0:00.19
19,19,1,3,0:00.19
19,19,1,4,0:00.19
19,19,1,5,0:00.19
20,19,1,1,0:00.19
20,19,1,2,0:00.18
20,19,1,3,0:00.18
20,19,1,4,0:00.19
20,19,1,5,0:00.20
20,20,1,1,0:00.19
20,20,1,2,0:00.19
20,20,1,3,0:00.19
20,20,1,4,0:00.19
20,20,1,5,0:00.19
21,20,1,1,0:00.19
21,20,1,2,0:00.19
21,20,1,3,0:00.19
21,20,1,4,0:00.19
21,20,1,5,0:00.19
21,21,1,1,0:00.19
21,21,1,2,0:00.19
21,21,1,3,0:00.19
21,21,1,4,0:00.20
21,21,1,5,0:00.19
22,21,1,1,0:00.20
22,21,1,2,0:00.19
22,21,1,3,0:00.18
22,21,1,4,0:00.19
22,21,1,5,0:00.19
22,22,1,1,0:00.20
22,22,1,2,0:00.19
22,22,1,3,0:00.18
22,22,1,4,0:00.20
22,22,1,5,0:00.19
23,22,1,1,0:00.20
23,22,1,2,0:00.19
23,22,1,3,0:00.21
23,22,1,4,0:00.19
23,22,1,5,0:00.19
23,23,1,1,0:00.29
23,23,1,2,0:00.19
23,23,1,3,0:00.19
23,23,1,4,0:00.21
23,23,1,5,0:00.18
24,23,1,1,0:00.19
24,23,1,2,0:00.19
24,23,1,3,0:00.19
24,23,1,4,0:00.20
24,23,1,5,0:00.18
24,24,1,1,0:00.19
24,24,1,2,0:00.19
24,24,1,3,0:00.18
24,24,1,4,0:00.19
24,24,1,5,0:00.19
25,24,1,1,0:00.19
25,24,1,2,0:00.23
25,24,1,3,0:00.19
25,24,1,4,0:00.18
25,24,1,5,0:00.20
25,25,1,1,0:00.20
25,25,1,2,0:00.20
25,25,1,3,0:00.18
25,25,1,4,0:00.19
25,25,1,5,0:00.19
26,25,1,1,0:00.19
26,25,1,2,0:00.19
26,25,1,3,0:00.18
26,25,1,4,0:00.19
26,25,1,5,0:00.19
26,26,1,1,0:00.19
26,26,1,2,0:00.19
26,26,1,3,0:00.20
26,26,1,4,0:00.19
26,26,1,5,0:00.19
27,26,1,1,0:00.19
27,26,1,2,0:00.19
27,26,1,3,0:00.18
27,26,1,4,0:00.19
27,26,1,5,0:00.19
27,27,1,1,0:00.19
27,27,1,2,0:00.19
27,27,1,3,0:00.20
27,27,1,4,0:00.19
27,27,1,5,0:00.20
28,27,1,1,0:00.20
28,27,1,2,0:00.21
28,27,1,3,0:00.19
28,27,1,4,0:00.19
28,27,1,5,0:00.19
28,28,1,1,0:00.19
28,28,1,2,0:00.19
28,28,1,3,0:00.20
28,28,1,4,0:00.19
28,28,1,5,0:00.19
29,28,1,1,0:00.19
29,28,1,2,0:00.19
29,28,1,3,0:00.19
29,28,1,4,0:00.19
29,28,1,5,0:00.19
29,29,1,1,0:00.19
29,29,1,2,0:00.20
29,29,1,3,0:00.19
29,29,1,4,0:00.18
29,29,1,5,0:00.20
30,29,1,1,0:00.19
30,29,1,2,0:00.19
30,29,1,3,0:00.19
30,29,1,4,0:00.19
30,29,1,5,0:00.19
30,30,1,1,0:00.19
30,30,1,2,0:00.19
30,30,1,3,0:00.19
30,30,1,4,0:00.19
30,30,1,5,0:00.19
31,30,1,1,0:00.18
31,30,1,2,0:00.19
31,30,1,3,0:00.19
31,30,1,4,0:00.19
31,30,1,5,0:00.19
31,31,1,1,0:00.19
31,31,1,2,0:00.20
31,31,1,3,0:00.19
31,31,1,4,0:00.19
31,31,1,5,0:00.20
32,31,1,1,0:00.19
32,31,1,2,0:00.18
32,31,1,3,0:00.20
32,31,1,4,0:00.19
32,31,1,5,0:00.20
32,32,1,1,0:00.20
32,32,1,2,0:00.19
32,32,1,3,0:00.19
32,32,1,4,0:00.20
32,32,1,5,0:00.20
1,1,2,1,0:00.28
1,1,2,2,0:00.27
1,1,2,3,0:00.27
1,1,2,4,0:00.27
1,1,2,5,0:00.28
2,1,2,1,0:00.46
2,1,2,2,0:00.32
2,1,2,3,0:00.32
2,1,2,4,0:00.32
2,1,2,5,0:00.35
2,2,2,1,0:00.18
2,2,2,2,0:00.15
2,2,2,3,0:00.18
2,2,2,4,0:00.18
2,2,2,5,0:00.14
3,2,2,1,0:00.28
3,2,2,2,0:00.26
3,2,2,3,0:00.28
3,2,2,4,0:00.29
3,2,2,5,0:00.22
3,3,2,1,0:00.23
3,3,2,2,0:00.22
3,3,2,3,0:00.21
3,3,2,4,0:00.15
3,3,2,5,0:00.21
4,3,2,1,0:00.24
4,3,2,2,0:00.19
4,3,2,3,0:00.19
4,3,2,4,0:00.22
4,3,2,5,0:00.19
4,4,2,1,0:00.19
4,4,2,2,0:00.15
4,4,2,3,0:00.20
4,4,2,4,0:00.15
4,4,2,5,0:00.16
5,4,2,1,0:00.19
5,4,2,2,0:00.20
5,4,2,3,0:00.23
5,4,2,4,0:00.19
5,4,2,5,0:00.19
5,5,2,1,0:00.17
5,5,2,2,0:00.18
5,5,2,3,0:00.17
5,5,2,4,0:00.19
5,5,2,5,0:00.19
6,5,2,1,0:00.17
6,5,2,2,0:00.20
6,5,2,3,0:00.20
6,5,2,4,0:00.20
6,5,2,5,0:00.21
6,6,2,1,0:00.18
6,6,2,2,0:00.19
6,6,2,3,0:00.16
6,6,2,4,0:00.20
6,6,2,5,0:00.17
7,6,2,1,0:00.19
7,6,2,2,0:00.20
7,6,2,3,0:00.20
7,6,2,4,0:00.19
7,6,2,5,0:00.21
7,7,2,1,0:00.19
7,7,2,2,0:00.18
7,7,2,3,0:00.17
7,7,2,4,0:00.19
7,7,2,5,0:00.17
8,7,2,1,0:00.19
8,7,2,2,0:00.20
8,7,2,3,0:00.20
8,7,2,4,0:00.19
8,7,2,5,0:00.20
8,8,2,1,0:00.19
8,8,2,2,0:00.17
8,8,2,3,0:00.18
8,8,2,4,0:00.18
8,8,2,5,0:00.18
9,8,2,1,0:00.19
9,8,2,2,0:00.20
9,8,2,3,0:00.18
9,8,2,4,0:00.19
9,8,2,5,0:00.19
9,9,2,1,0:00.20
9,9,2,2,0:00.18
9,9,2,3,0:00.19
9,9,2,4,0:00.18
9,9,2,5,0:00.18
10,9,2,1,0:00.19
10,9,2,2,0:00.19
10,9,2,3,0:00.17
10,9,2,4,0:00.21
10,9,2,5,0:00.19
10,10,2,1,0:00.18
10,10,2,2,0:00.19
10,10,2,3,0:00.20
10,10,2,4,0:00.16
10,10,2,5,0:00.20
11,10,2,1,0:00.22
11,10,2,2,0:00.20
11,10,2,3,0:00.20
11,10,2,4,0:00.20
11,10,2,5,0:00.19
11,11,2,1,0:00.19
11,11,2,2,0:00.19
11,11,2,3,0:00.19
11,11,2,4,0:00.19
11,11,2,5,0:00.19
12,11,2,1,0:00.20
12,11,2,2,0:00.20
12,11,2,3,0:00.20
12,11,2,4,0:00.19
12,11,2,5,0:00.19
12,12,2,1,0:00.19
12,12,2,2,0:00.18
12,12,2,3,0:00.19
12,12,2,4,0:00.19
12,12,2,5,0:00.19
13,12,2,1,0:00.19
13,12,2,2,0:00.19
13,12,2,3,0:00.19
13,12,2,4,0:00.19
13,12,2,5,0:00.20
13,13,2,1,0:00.19
13,13,2,2,0:00.19
13,13,2,3,0:00.19
13,13,2,4,0:00.18
13,13,2,5,0:00.19
14,13,2,1,0:00.20
14,13,2,2,0:00.20
14,13,2,3,0:00.20
14,13,2,4,0:00.20
14,13,2,5,0:00.19
14,14,2,1,0:00.20
14,14,2,2,0:00.19
14,14,2,3,0:00.20
14,14,2,4,0:00.19
14,14,2,5,0:00.19
15,14,2,1,0:00.19
15,14,2,2,0:00.19
15,14,2,3,0:00.19
15,14,2,4,0:00.19
15,14,2,5,0:00.19
15,15,2,1,0:00.20
15,15,2,2,0:00.20
15,15,2,3,0:00.19
15,15,2,4,0:00.19
15,15,2,5,0:00.20
16,15,2,1,0:00.19
16,15,2,2,0:00.20
16,15,2,3,0:00.19
16,15,2,4,0:00.19
16,15,2,5,0:00.20
16,16,2,1,0:00.18
16,16,2,2,0:00.20
16,16,2,3,0:00.19
16,16,2,4,0:00.19
16,16,2,5,0:00.19
17,16,2,1,0:00.19
17,16,2,2,0:00.20
17,16,2,3,0:00.19
17,16,2,4,0:00.20
17,16,2,5,0:00.19
17,17,2,1,0:00.18
17,17,2,2,0:00.19
17,17,2,3,0:00.19
17,17,2,4,0:00.20
17,17,2,5,0:00.20
18,17,2,1,0:00.19
18,17,2,2,0:00.19
18,17,2,3,0:00.19
18,17,2,4,0:00.18
18,17,2,5,0:00.19
18,18,2,1,0:00.19
18,18,2,2,0:00.20
18,18,2,3,0:00.19
18,18,2,4,0:00.20
18,18,2,5,0:00.19
19,18,2,1,0:00.19
19,18,2,2,0:00.19
19,18,2,3,0:00.20
19,18,2,4,0:00.19
19,18,2,5,0:00.21
19,19,2,1,0:00.19
19,19,2,2,0:00.19
19,19,2,3,0:00.20
19,19,2,4,0:00.19
19,19,2,5,0:00.19
20,19,2,1,0:00.19
20,19,2,2,0:00.19
20,19,2,3,0:00.19
20,19,2,4,0:00.20
20,19,2,5,0:00.20
20,20,2,1,0:00.20
20,20,2,2,0:00.19
20,20,2,3,0:00.19
20,20,2,4,0:00.19
20,20,2,5,0:00.19
21,20,2,1,0:00.19
21,20,2,2,0:00.21
21,20,2,3,0:00.19
21,20,2,4,0:00.20
21,20,2,5,0:00.19
21,21,2,1,0:00.19
21,21,2,2,0:00.19
21,21,2,3,0:00.19
21,21,2,4,0:00.20
21,21,2,5,0:00.19
22,21,2,1,0:00.20
22,21,2,2,0:00.19
22,21,2,3,0:00.19
22,21,2,4,0:00.19
22,21,2,5,0:00.19
22,22,2,1,0:00.19
22,22,2,2,0:00.19
22,22,2,3,0:00.19
22,22,2,4,0:00.19
22,22,2,5,0:00.20
23,22,2,1,0:00.19
23,22,2,2,0:00.21
23,22,2,3,0:00.20
23,22,2,4,0:00.19
23,22,2,5,0:00.19
23,23,2,1,0:00.19
23,23,2,2,0:00.19
23,23,2,3,0:00.19
23,23,2,4,0:00.19
23,23,2,5,0:00.20
24,23,2,1,0:00.19
24,23,2,2,0:00.19
24,23,2,3,0:00.20
24,23,2,4,0:00.19
24,23,2,5,0:00.19
24,24,2,1,0:00.19
24,24,2,2,0:00.19
24,24,2,3,0:00.20
24,24,2,4,0:00.19
24,24,2,5,0:00.19
25,24,2,1,0:00.19
25,24,2,2,0:00.19
25,24,2,3,0:00.20
25,24,2,4,0:00.19
25,24,2,5,0:00.20
25,25,2,1,0:00.19
25,25,2,2,0:00.19
25,25,2,3,0:00.19
25,25,2,4,0:00.18
25,25,2,5,0:00.20
26,25,2,1,0:00.19
26,25,2,2,0:00.19
26,25,2,3,0:00.18
26,25,2,4,0:00.19
26,25,2,5,0:00.20
26,26,2,1,0:00.19
26,26,2,2,0:00.19
26,26,2,3,0:00.19
26,26,2,4,0:00.19
26,26,2,5,0:00.19
27,26,2,1,0:00.20
27,26,2,2,0:00.19
27,26,2,3,0:00.19
27,26,2,4,0:00.19
27,26,2,5,0:00.19
27,27,2,1,0:00.19
27,27,2,2,0:00.19
27,27,2,3,0:00.20
27,27,2,4,0:00.19
27,27,2,5,0:00.19
28,27,2,1,0:00.19
28,27,2,2,0:00.19
28,27,2,3,0:00.19
28,27,2,4,0:00.18
28,27,2,5,0:00.20
28,28,2,1,0:00.19
28,28,2,2,0:00.19
28,28,2,3,0:00.19
28,28,2,4,0:00.19
28,28,2,5,0:00.20
29,28,2,1,0:00.19
29,28,2,2,0:00.19
29,28,2,3,0:00.19
29,28,2,4,0:00.19
29,28,2,5,0:00.19
29,29,2,1,0:00.19
29,29,2,2,0:00.19
29,29,2,3,0:00.16
29,29,2,4,0:00.20
29,29,2,5,0:00.19
30,29,2,1,0:00.20
30,29,2,2,0:00.20
30,29,2,3,0:00.19
30,29,2,4,0:00.20
30,29,2,5,0:00.19
30,30,2,1,0:00.19
30,30,2,2,0:00.19
30,30,2,3,0:00.18
30,30,2,4,0:00.19
30,30,2,5,0:00.19
31,30,2,1,0:00.18
31,30,2,2,0:00.19
31,30,2,3,0:00.19
31,30,2,4,0:00.19
31,30,2,5,0:00.19
31,31,2,1,0:00.19
31,31,2,2,0:00.19
31,31,2,3,0:00.19
31,31,2,4,0:00.19
31,31,2,5,0:00.19
32,31,2,1,0:00.19
32,31,2,2,0:00.19
32,31,2,3,0:00.18
32,31,2,4,0:00.19
32,31,2,5,0:00.19
32,32,2,1,0:00.19
32,32,2,2,0:00.20
32,32,2,3,0:00.19
32,32,2,4,0:00.19
32,32,2,5,0:00.18
1,1,4,1,0:00.28
1,1,4,2,0:00.27
1,1,4,3,0:00.28
1,1,4,4,0:00.27
1,1,4,5,0:00.27
2,1,4,1,0:00.33
2,1,4,2,0:00.31
2,1,4,3,0:00.31
2,1,4,4,0:00.45
2,1,4,5,0:00.31
2,2,4,1,0:00.18
2,2,4,2,0:00.16
2,2,4,3,0:00.14
2,2,4,4,0:00.19
2,2,4,5,0:00.16
3,2,4,1,0:00.18
3,2,4,2,0:00.28
3,2,4,3,0:00.23
3,2,4,4,0:00.28
3,2,4,5,0:00.27
3,3,4,1,0:00.17
3,3,4,2,0:00.17
3,3,4,3,0:00.19
3,3,4,4,0:00.22
3,3,4,5,0:00.21
4,3,4,1,0:00.20
4,3,4,2,0:00.21
4,3,4,3,0:00.21
4,3,4,4,0:00.20
4,3,4,5,0:00.19
4,4,4,1,0:00.19
4,4,4,2,0:00.16
4,4,4,3,0:00.18
4,4,4,4,0:00.16
4,4,4,5,0:00.19
5,4,4,1,0:00.21
5,4,4,2,0:00.20
5,4,4,3,0:00.20
5,4,4,4,0:00.18
5,4,4,5,0:00.21
5,5,4,1,0:00.21
5,5,4,2,0:00.19
5,5,4,3,0:00.19
5,5,4,4,0:00.18
5,5,4,5,0:00.19
6,5,4,1,0:00.21
6,5,4,2,0:00.19
6,5,4,3,0:00.20
6,5,4,4,0:00.20
6,5,4,5,0:00.20
6,6,4,1,0:00.19
6,6,4,2,0:00.17
6,6,4,3,0:00.18
6,6,4,4,0:00.19
6,6,4,5,0:00.16
7,6,4,1,0:00.19
7,6,4,2,0:00.20
7,6,4,3,0:00.19
7,6,4,4,0:00.20
7,6,4,5,0:00.18
7,7,4,1,0:00.18
7,7,4,2,0:00.18
7,7,4,3,0:00.18
7,7,4,4,0:00.17
7,7,4,5,0:00.17
8,7,4,1,0:00.20
8,7,4,2,0:00.18
8,7,4,3,0:00.19
8,7,4,4,0:00.19
8,7,4,5,0:00.21
8,8,4,1,0:00.17
8,8,4,2,0:00.21
8,8,4,3,0:00.18
8,8,4,4,0:00.17
8,8,4,5,0:00.19
9,8,4,1,0:00.20
9,8,4,2,0:00.19
9,8,4,3,0:00.20
9,8,4,4,0:00.20
9,8,4,5,0:00.19
9,9,4,1,0:00.19
9,9,4,2,0:00.20
9,9,4,3,0:00.19
9,9,4,4,0:00.20
9,9,4,5,0:00.19
10,9,4,1,0:00.21
10,9,4,2,0:00.37
10,9,4,3,0:00.24
10,9,4,4,0:00.21
10,9,4,5,0:00.18
10,10,4,1,0:00.19
10,10,4,2,0:00.20
10,10,4,3,0:00.20
10,10,4,4,0:00.19
10,10,4,5,0:00.20
11,10,4,1,0:00.21
11,10,4,2,0:00.21
11,10,4,3,0:00.21
11,10,4,4,0:00.21
11,10,4,5,0:00.19
11,11,4,1,0:00.21
11,11,4,2,0:00.19
11,11,4,3,0:00.21
11,11,4,4,0:00.33
11,11,4,5,0:00.32
12,11,4,1,0:00.19
12,11,4,2,0:00.19
12,11,4,3,0:00.19
12,11,4,4,0:00.19
12,11,4,5,0:00.20
12,12,4,1,0:00.20
12,12,4,2,0:00.19
12,12,4,3,0:00.20
12,12,4,4,0:00.19
12,12,4,5,0:00.19
13,12,4,1,0:00.19
13,12,4,2,0:00.19
13,12,4,3,0:00.18
13,12,4,4,0:00.18
13,12,4,5,0:00.21
13,13,4,1,0:00.21
13,13,4,2,0:00.20
13,13,4,3,0:00.20
13,13,4,4,0:00.21
13,13,4,5,0:00.21
14,13,4,1,0:00.19
14,13,4,2,0:00.20
14,13,4,3,0:00.19
14,13,4,4,0:00.19
14,13,4,5,0:00.19
14,14,4,1,0:00.18
14,14,4,2,0:00.19
14,14,4,3,0:00.21
14,14,4,4,0:00.20
14,14,4,5,0:00.20
15,14,4,1,0:00.21
15,14,4,2,0:00.19
15,14,4,3,0:00.21
15,14,4,4,0:00.20
15,14,4,5,0:00.21
15,15,4,1,0:00.20
15,15,4,2,0:00.19
15,15,4,3,0:00.19
15,15,4,4,0:00.19
15,15,4,5,0:00.19
16,15,4,1,0:00.18
16,15,4,2,0:00.19
16,15,4,3,0:00.20
16,15,4,4,0:00.19
16,15,4,5,0:00.20
16,16,4,1,0:00.19
16,16,4,2,0:00.20
16,16,4,3,0:00.20
16,16,4,4,0:00.20
16,16,4,5,0:00.20
17,16,4,1,0:00.20
17,16,4,2,0:00.19
17,16,4,3,0:00.19
17,16,4,4,0:00.19
17,16,4,5,0:00.19
17,17,4,1,0:00.21
17,17,4,2,0:00.19
17,17,4,3,0:00.19
17,17,4,4,0:00.20
17,17,4,5,0:00.19
18,17,4,1,0:00.19
18,17,4,2,0:00.19
18,17,4,3,0:00.19
18,17,4,4,0:00.19
18,17,4,5,0:00.19
18,18,4,1,0:00.21
18,18,4,2,0:00.20
18,18,4,3,0:00.21
18,18,4,4,0:00.20
18,18,4,5,0:00.21
19,18,4,1,0:00.20
19,18,4,2,0:00.20
19,18,4,3,0:00.20
19,18,4,4,0:00.20
19,18,4,5,0:00.20
19,19,4,1,0:00.20
19,19,4,2,0:00.20
19,19,4,3,0:00.20
19,19,4,4,0:00.19
19,19,4,5,0:00.19
20,19,4,1,0:00.19
20,19,4,2,0:00.20
20,19,4,3,0:00.20
20,19,4,4,0:00.20
20,19,4,5,0:00.19
20,20,4,1,0:00.19
20,20,4,2,0:00.19
20,20,4,3,0:00.19
20,20,4,4,0:00.18
20,20,4,5,0:00.20
21,20,4,1,0:00.17
21,20,4,2,0:00.19
21,20,4,3,0:00.18
21,20,4,4,0:00.19
21,20,4,5,0:00.19
21,21,4,1,0:00.19
21,21,4,2,0:00.19
21,21,4,3,0:00.18
21,21,4,4,0:00.19
21,21,4,5,0:00.19
22,21,4,1,0:00.19
22,21,4,2,0:00.20
22,21,4,3,0:00.20
22,21,4,4,0:00.19
22,21,4,5,0:00.19
22,22,4,1,0:00.19
22,22,4,2,0:00.19
22,22,4,3,0:00.19
22,22,4,4,0:00.19
22,22,4,5,0:00.19
23,22,4,1,0:00.20
23,22,4,2,0:00.23
23,22,4,3,0:00.18
23,22,4,4,0:00.18
23,22,4,5,0:00.19
23,23,4,1,0:00.19
23,23,4,2,0:00.18
23,23,4,3,0:00.19
23,23,4,4,0:00.19
23,23,4,5,0:00.19
24,23,4,1,0:00.19
24,23,4,2,0:00.18
24,23,4,3,0:00.19
24,23,4,4,0:00.19
24,23,4,5,0:00.18
24,24,4,1,0:00.19
24,24,4,2,0:00.20
24,24,4,3,0:00.19
24,24,4,4,0:00.18
24,24,4,5,0:00.17
25,24,4,1,0:00.19
25,24,4,2,0:00.20
25,24,4,3,0:00.18
25,24,4,4,0:00.19
25,24,4,5,0:00.18
25,25,4,1,0:00.18
25,25,4,2,0:00.19
25,25,4,3,0:00.20
25,25,4,4,0:00.20
25,25,4,5,0:00.19
26,25,4,1,0:00.19
26,25,4,2,0:00.19
26,25,4,3,0:00.19
26,25,4,4,0:00.19
26,25,4,5,0:00.20
26,26,4,1,0:00.19
26,26,4,2,0:00.18
26,26,4,3,0:00.19
26,26,4,4,0:00.19
26,26,4,5,0:00.19
27,26,4,1,0:00.19
27,26,4,2,0:00.20
27,26,4,3,0:00.18
27,26,4,4,0:00.19
27,26,4,5,0:00.18
27,27,4,1,0:00.19
27,27,4,2,0:00.18
27,27,4,3,0:00.21
27,27,4,4,0:00.20
27,27,4,5,0:00.21
28,27,4,1,0:00.20
28,27,4,2,0:00.20
28,27,4,3,0:00.21
28,27,4,4,0:00.20
28,27,4,5,0:00.20
28,28,4,1,0:00.20
28,28,4,2,0:00.20
28,28,4,3,0:00.18
28,28,4,4,0:00.19
28,28,4,5,0:00.18
29,28,4,1,0:00.18
29,28,4,2,0:00.19
29,28,4,3,0:00.19
29,28,4,4,0:00.18
29,28,4,5,0:00.19
29,29,4,1,0:00.18
29,29,4,2,0:00.19
29,29,4,3,0:00.19
29,29,4,4,0:00.19
29,29,4,5,0:00.19
30,29,4,1,0:00.18
30,29,4,2,0:00.19
30,29,4,3,0:00.19
30,29,4,4,0:00.19
30,29,4,5,0:00.19
30,30,4,1,0:00.19
30,30,4,2,0:00.18
30,30,4,3,0:00.20
30,30,4,4,0:00.19
30,30,4,5,0:00.19
31,30,4,1,0:00.19
31,30,4,2,0:00.19
31,30,4,3,0:00.19
31,30,4,4,0:00.19
31,30,4,5,0:00.19
31,31,4,1,0:00.19
31,31,4,2,0:00.19
31,31,4,3,0:00.19
31,31,4,4,0:00.19
31,31,4,5,0:00.20
32,31,4,1,0:00.19
32,31,4,2,0:00.19
32,31,4,3,0:00.18
32,31,4,4,0:00.19
32,31,4,5,0:00.18
32,32,4,1,0:00.18
32,32,4,2,0:00.19
32,32,4,3,0:00.20
32,32,4,4,0:00.19
32,32,4,5,0:00.19
1,1,8,1,0:00.27
1,1,8,2,0:00.29
1,1,8,3,0:00.28
1,1,8,4,0:00.27
1,1,8,5,0:00.27
2,1,8,1,0:00.31
2,1,8,2,0:00.31
2,1,8,3,0:00.32
2,1,8,4,0:00.31
2,1,8,5,0:00.31
2,2,8,1,0:00.19
2,2,8,2,0:00.19
2,2,8,3,0:00.14
2,2,8,4,0:00.16
2,2,8,5,0:00.18
3,2,8,1,0:00.28
3,2,8,2,0:00.25
3,2,8,3,0:00.28
3,2,8,4,0:00.15
3,2,8,5,0:00.16
3,3,8,1,0:00.22
3,3,8,2,0:00.21
3,3,8,3,0:00.17
3,3,8,4,0:00.22
3,3,8,5,0:00.22
4,3,8,1,0:00.19
4,3,8,2,0:00.18
4,3,8,3,0:00.18
4,3,8,4,0:00.18
4,3,8,5,0:00.20
4,4,8,1,0:00.19
4,4,8,2,0:00.18
4,4,8,3,0:00.16
4,4,8,4,0:00.19
4,4,8,5,0:00.17
5,4,8,1,0:00.23
5,4,8,2,0:00.20
5,4,8,3,0:00.21
5,4,8,4,0:00.19
5,4,8,5,0:00.21
5,5,8,1,0:00.18
5,5,8,2,0:00.19
5,5,8,3,0:00.17
5,5,8,4,0:00.16
5,5,8,5,0:00.20
6,5,8,1,0:00.20
6,5,8,2,0:00.20
6,5,8,3,0:00.22
6,5,8,4,0:00.20
6,5,8,5,0:00.21
6,6,8,1,0:00.18
6,6,8,2,0:00.17
6,6,8,3,0:00.17
6,6,8,4,0:00.15
6,6,8,5,0:00.19
7,6,8,1,0:00.19
7,6,8,2,0:00.19
7,6,8,3,0:00.19
7,6,8,4,0:00.20
7,6,8,5,0:00.18
7,7,8,1,0:00.19
7,7,8,2,0:00.17
7,7,8,3,0:00.19
7,7,8,4,0:00.19
7,7,8,5,0:00.18
8,7,8,1,0:00.20
8,7,8,2,0:00.17
8,7,8,3,0:00.19
8,7,8,4,0:00.19
8,7,8,5,0:00.18
8,8,8,1,0:00.19
8,8,8,2,0:00.19
8,8,8,3,0:00.21
8,8,8,4,0:00.17
8,8,8,5,0:00.18
9,8,8,1,0:00.19
9,8,8,2,0:00.19
9,8,8,3,0:00.19
9,8,8,4,0:00.20
9,8,8,5,0:00.20
9,9,8,1,0:00.18
9,9,8,2,0:00.18
9,9,8,3,0:00.18
9,9,8,4,0:00.18
9,9,8,5,0:00.17
10,9,8,1,0:00.18
10,9,8,2,0:00.23
10,9,8,3,0:00.19
10,9,8,4,0:00.19
10,9,8,5,0:00.19
10,10,8,1,0:00.19
10,10,8,2,0:00.20
10,10,8,3,0:00.19
10,10,8,4,0:00.19
10,10,8,5,0:00.17
11,10,8,1,0:00.19
11,10,8,2,0:00.19
11,10,8,3,0:00.20
11,10,8,4,0:00.20
11,10,8,5,0:00.19
11,11,8,1,0:00.21
11,11,8,2,0:00.20
11,11,8,3,0:00.19
11,11,8,4,0:00.18
11,11,8,5,0:00.19
12,11,8,1,0:00.19
12,11,8,2,0:00.19
12,11,8,3,0:00.19
12,11,8,4,0:00.19
12,11,8,5,0:00.21
12,12,8,1,0:00.19
12,12,8,2,0:00.19
12,12,8,3,0:00.19
12,12,8,4,0:00.19
12,12,8,5,0:00.19
13,12,8,1,0:00.19
13,12,8,2,0:00.20
13,12,8,3,0:00.18
13,12,8,4,0:00.18
13,12,8,5,0:00.20
13,13,8,1,0:00.18
13,13,8,2,0:00.20
13,13,8,3,0:00.19
13,13,8,4,0:00.21
13,13,8,5,0:00.19
14,13,8,1,0:00.19
14,13,8,2,0:00.21
14,13,8,3,0:00.20
14,13,8,4,0:00.21
14,13,8,5,0:00.20
14,14,8,1,0:00.20
14,14,8,2,0:00.20
14,14,8,3,0:00.20
14,14,8,4,0:00.20
14,14,8,5,0:00.20
15,14,8,1,0:00.22
15,14,8,2,0:00.19
15,14,8,3,0:00.20
15,14,8,4,0:00.20
15,14,8,5,0:00.20
15,15,8,1,0:00.20
15,15,8,2,0:00.21
15,15,8,3,0:00.21
15,15,8,4,0:00.20
15,15,8,5,0:00.21
16,15,8,1,0:00.20
16,15,8,2,0:00.20
16,15,8,3,0:00.18
16,15,8,4,0:00.19
16,15,8,5,0:00.19
16,16,8,1,0:00.18
16,16,8,2,0:00.19
16,16,8,3,0:00.19
16,16,8,4,0:00.19
16,16,8,5,0:00.18
17,16,8,1,0:00.19
17,16,8,2,0:00.19
17,16,8,3,0:00.20
17,16,8,4,0:00.19
17,16,8,5,0:00.19
17,17,8,1,0:00.18
17,17,8,2,0:00.18
17,17,8,3,0:00.18
17,17,8,4,0:00.20
17,17,8,5,0:00.19
18,17,8,1,0:00.19
18,17,8,2,0:00.19
18,17,8,3,0:00.20
18,17,8,4,0:00.20
18,17,8,5,0:00.27
18,18,8,1,0:00.18
18,18,8,2,0:00.20
18,18,8,3,0:00.21
18,18,8,4,0:00.21
18,18,8,5,0:00.20
19,18,8,1,0:00.19
19,18,8,2,0:00.20
19,18,8,3,0:00.20
19,18,8,4,0:00.19
19,18,8,5,0:00.19
19,19,8,1,0:00.19
19,19,8,2,0:00.20
19,19,8,3,0:00.19
19,19,8,4,0:00.18
19,19,8,5,0:00.18
20,19,8,1,0:00.19
20,19,8,2,0:00.18
20,19,8,3,0:00.19
20,19,8,4,0:00.18
20,19,8,5,0:00.19
20,20,8,1,0:00.19
20,20,8,2,0:00.19
20,20,8,3,0:00.18
20,20,8,4,0:00.20
20,20,8,5,0:00.20
21,20,8,1,0:00.19
21,20,8,2,0:00.19
21,20,8,3,0:00.19
21,20,8,4,0:00.19
21,20,8,5,0:00.18
21,21,8,1,0:00.18
21,21,8,2,0:00.19
21,21,8,3,0:00.19
21,21,8,4,0:00.19
21,21,8,5,0:00.19
22,21,8,1,0:00.19
22,21,8,2,0:00.19
22,21,8,3,0:00.18
22,21,8,4,0:00.19
22,21,8,5,0:00.18
22,22,8,1,0:00.18
22,22,8,2,0:00.19
22,22,8,3,0:00.19
22,22,8,4,0:00.18
22,22,8,5,0:00.19
23,22,8,1,0:00.19
23,22,8,2,0:00.18
23,22,8,3,0:00.19
23,22,8,4,0:00.19
23,22,8,5,0:00.19
23,23,8,1,0:00.18
23,23,8,2,0:00.18
23,23,8,3,0:00.18
23,23,8,4,0:00.19
23,23,8,5,0:00.19
24,23,8,1,0:00.19
24,23,8,2,0:00.18
24,23,8,3,0:00.19
24,23,8,4,0:00.19
24,23,8,5,0:00.19
24,24,8,1,0:00.19
24,24,8,2,0:00.19
24,24,8,3,0:00.19
24,24,8,4,0:00.18
24,24,8,5,0:00.19
25,24,8,1,0:00.18
25,24,8,2,0:00.19
25,24,8,3,0:00.20
25,24,8,4,0:00.21
25,24,8,5,0:00.20
25,25,8,1,0:00.21
25,25,8,2,0:00.20
25,25,8,3,0:00.21
25,25,8,4,0:00.21
25,25,8,5,0:00.20
26,25,8,1,0:00.19
26,25,8,2,0:00.20
26,25,8,3,0:00.20
26,25,8,4,0:00.20
26,25,8,5,0:00.18
26,26,8,1,0:00.19
26,26,8,2,0:00.19
26,26,8,3,0:00.20
26,26,8,4,0:00.19
26,26,8,5,0:00.21
27,26,8,1,0:00.21
27,26,8,2,0:00.19
27,26,8,3,0:00.20
27,26,8,4,0:00.19
27,26,8,5,0:00.21
27,27,8,1,0:00.20
27,27,8,2,0:00.21
27,27,8,3,0:00.20
27,27,8,4,0:00.19
27,27,8,5,0:00.19
28,27,8,1,0:00.20
28,27,8,2,0:00.22
28,27,8,3,0:00.20
28,27,8,4,0:00.20
28,27,8,5,0:00.20
28,28,8,1,0:00.21
28,28,8,2,0:00.20
28,28,8,3,0:00.19
28,28,8,4,0:00.20
28,28,8,5,0:00.20
29,28,8,1,0:00.18
29,28,8,2,0:00.19
29,28,8,3,0:00.21
29,28,8,4,0:00.21
29,28,8,5,0:00.20
29,29,8,1,0:00.19
29,29,8,2,0:00.20
29,29,8,3,0:00.19
29,29,8,4,0:00.20
29,29,8,5,0:00.19
30,29,8,1,0:00.19
30,29,8,2,0:00.19
30,29,8,3,0:00.20
30,29,8,4,0:00.19
30,29,8,5,0:00.20
30,30,8,1,0:00.20
30,30,8,2,0:00.19
30,30,8,3,0:00.23
30,30,8,4,0:00.19
30,30,8,5,0:00.19
31,30,8,1,0:00.19
31,30,8,2,0:00.19
31,30,8,3,0:00.19
31,30,8,4,0:00.18
31,30,8,5,0:00.19
31,31,8,1,0:00.19
31,31,8,2,0:00.19
31,31,8,3,0:00.19
31,31,8,4,0:00.19
31,31,8,5,0:00.20
32,31,8,1,0:00.20
32,31,8,2,0:00.21
32,31,8,3,0:00.22
32,31,8,4,0:00.23
32,31,8,5,0:00.17
32,32,8,1,0:00.19
32,32,8,2,0:00.19
32,32,8,3,0:00.19
32,32,8,4,0:00.20
32,32,8,5,0:00.19
1,1,16,1,0:00.27
1,1,16,2,0:00.27
1,1,16,3,0:00.27
1,1,16,4,0:00.27
1,1,16,5,0:00.27
2,1,16,1,0:00.32
2,1,16,2,0:00.45
2,1,16,3,0:00.34
2,1,16,4,0:00.35
2,1,16,5,0:00.32
2,2,16,1,0:00.17
2,2,16,2,0:00.18
2,2,16,3,0:00.17
2,2,16,4,0:00.14
2,2,16,5,0:00.15
3,2,16,1,0:00.16
3,2,16,2,0:00.26
3,2,16,3,0:00.28
3,2,16,4,0:00.25
3,2,16,5,0:00.25
3,3,16,1,0:00.15
3,3,16,2,0:00.15
3,3,16,3,0:00.20
3,3,16,4,0:00.19
3,3,16,5,0:00.22
4,3,16,1,0:00.19
4,3,16,2,0:00.21
4,3,16,3,0:00.23
4,3,16,4,0:00.19
4,3,16,5,0:00.22
4,4,16,1,0:00.15
4,4,16,2,0:00.18
4,4,16,3,0:00.17
4,4,16,4,0:00.16
4,4,16,5,0:00.16
5,4,16,1,0:00.20
5,4,16,2,0:00.20
5,4,16,3,0:00.20
5,4,16,4,0:00.22
5,4,16,5,0:00.19
5,5,16,1,0:00.19
5,5,16,2,0:00.17
5,5,16,3,0:00.17
5,5,16,4,0:00.20
5,5,16,5,0:00.17
6,5,16,1,0:00.20
6,5,16,2,0:00.17
6,5,16,3,0:00.19
6,5,16,4,0:00.20
6,5,16,5,0:00.21
6,6,16,1,0:00.19
6,6,16,2,0:00.18
6,6,16,3,0:00.19
6,6,16,4,0:00.17
6,6,16,5,0:00.19
7,6,16,1,0:00.20
7,6,16,2,0:00.18
7,6,16,3,0:00.20
7,6,16,4,0:00.19
7,6,16,5,0:00.21
7,7,16,1,0:00.17
7,7,16,2,0:00.17
7,7,16,3,0:00.17
7,7,16,4,0:00.18
7,7,16,5,0:00.19
8,7,16,1,0:00.19
8,7,16,2,0:00.19
8,7,16,3,0:00.20
8,7,16,4,0:00.19
8,7,16,5,0:00.20
8,8,16,1,0:00.18
8,8,16,2,0:00.19
8,8,16,3,0:00.19
8,8,16,4,0:00.19
8,8,16,5,0:00.18
9,8,16,1,0:00.19
9,8,16,2,0:00.19
9,8,16,3,0:00.17
9,8,16,4,0:00.20
9,8,16,5,0:00.19
9,9,16,1,0:00.19
9,9,16,2,0:00.18
9,9,16,3,0:00.18
9,9,16,4,0:00.18
9,9,16,5,0:00.19
10,9,16,1,0:00.20
10,9,16,2,0:00.19
10,9,16,3,0:00.19
10,9,16,4,0:00.19
10,9,16,5,0:00.20
10,10,16,1,0:00.18
10,10,16,2,0:00.19
10,10,16,3,0:00.18
10,10,16,4,0:00.17
10,10,16,5,0:00.18
11,10,16,1,0:00.20
11,10,16,2,0:00.20
11,10,16,3,0:00.20
11,10,16,4,0:00.19
11,10,16,5,0:00.20
11,11,16,1,0:00.18
11,11,16,2,0:00.19
11,11,16,3,0:00.18
11,11,16,4,0:00.20
11,11,16,5,0:00.19
12,11,16,1,0:00.19
12,11,16,2,0:00.20
12,11,16,3,0:00.19
12,11,16,4,0:00.19
12,11,16,5,0:00.19
12,12,16,1,0:00.20
12,12,16,2,0:00.19
12,12,16,3,0:00.19
12,12,16,4,0:00.19
12,12,16,5,0:00.19
13,12,16,1,0:00.19
13,12,16,2,0:00.19
13,12,16,3,0:00.20
13,12,16,4,0:00.19
13,12,16,5,0:00.19
13,13,16,1,0:00.19
13,13,16,2,0:00.19
13,13,16,3,0:00.19
13,13,16,4,0:00.19
13,13,16,5,0:00.18
14,13,16,1,0:00.19
14,13,16,2,0:00.19
14,13,16,3,0:00.19
14,13,16,4,0:00.19
14,13,16,5,0:00.20
14,14,16,1,0:00.20
14,14,16,2,0:00.19
14,14,16,3,0:00.17
14,14,16,4,0:00.19
14,14,16,5,0:00.19
15,14,16,1,0:00.19
15,14,16,2,0:00.19
15,14,16,3,0:00.19
15,14,16,4,0:00.19
15,14,16,5,0:00.19
15,15,16,1,0:00.19
15,15,16,2,0:00.20
15,15,16,3,0:00.19
15,15,16,4,0:00.19
15,15,16,5,0:00.18
16,15,16,1,0:00.19
16,15,16,2,0:00.19
16,15,16,3,0:00.19
16,15,16,4,0:00.19
16,15,16,5,0:00.19
16,16,16,1,0:00.19
16,16,16,2,0:00.19
16,16,16,3,0:00.19
16,16,16,4,0:00.19
16,16,16,5,0:00.19
17,16,16,1,0:00.18
17,16,16,2,0:00.19
17,16,16,3,0:00.19
17,16,16,4,0:00.19
17,16,16,5,0:00.19
17,17,16,1,0:00.19
17,17,16,2,0:00.19
17,17,16,3,0:00.19
17,17,16,4,0:00.19
17,17,16,5,0:00.18
18,17,16,1,0:00.19
18,17,16,2,0:00.20
18,17,16,3,0:00.19
18,17,16,4,0:00.19
18,17,16,5,0:00.19
18,18,16,1,0:00.19
18,18,16,2,0:00.19
18,18,16,3,0:00.19
18,18,16,4,0:00.18
18,18,16,5,0:00.19
19,18,16,1,0:00.19
19,18,16,2,0:00.18
19,18,16,3,0:00.19
19,18,16,4,0:00.19
19,18,16,5,0:00.19
19,19,16,1,0:00.19
19,19,16,2,0:00.19
19,19,16,3,0:00.19
19,19,16,4,0:00.19
19,19,16,5,0:00.19
20,19,16,1,0:00.19
20,19,16,2,0:00.16
20,19,16,3,0:00.19
20,19,16,4,0:00.19
20,19,16,5,0:00.19
20,20,16,1,0:00.18
20,20,16,2,0:00.20
20,20,16,3,0:00.19
20,20,16,4,0:00.19
20,20,16,5,0:00.19
21,20,16,1,0:00.19
21,20,16,2,0:00.19
21,20,16,3,0:00.19
21,20,16,4,0:00.20
21,20,16,5,0:00.18
21,21,16,1,0:00.18
21,21,16,2,0:00.19
21,21,16,3,0:00.18
21,21,16,4,0:00.19
21,21,16,5,0:00.19
22,21,16,1,0:00.19
22,21,16,2,0:00.18
22,21,16,3,0:00.19
22,21,16,4,0:00.19
22,21,16,5,0:00.19
22,22,16,1,0:00.19
22,22,16,2,0:00.19
22,22,16,3,0:00.19
22,22,16,4,0:00.19
22,22,16,5,0:00.19
23,22,16,1,0:00.19
23,22,16,2,0:00.20
23,22,16,3,0:00.19
23,22,16,4,0:00.19
23,22,16,5,0:00.19
23,23,16,1,0:00.18
23,23,16,2,0:00.19
23,23,16,3,0:00.19
23,23,16,4,0:00.19
23,23,16,5,0:00.19
24,23,16,1,0:00.19
24,23,16,2,0:00.19
24,23,16,3,0:00.19
24,23,16,4,0:00.19
24,23,16,5,0:00.19
24,24,16,1,0:00.19
24,24,16,2,0:00.19
24,24,16,3,0:00.19
24,24,16,4,0:00.19
24,24,16,5,0:00.19
25,24,16,1,0:00.18
25,24,16,2,0:00.19
25,24,16,3,0:00.19
25,24,16,4,0:00.21
25,24,16,5,0:00.19
25,25,16,1,0:00.19
25,25,16,2,0:00.20
25,25,16,3,0:00.18
25,25,16,4,0:00.18
25,25,16,5,0:00.19
26,25,16,1,0:00.18
26,25,16,2,0:00.19
26,25,16,3,0:00.19
26,25,16,4,0:00.19
26,25,16,5,0:00.19
26,26,16,1,0:00.19
26,26,16,2,0:00.19
26,26,16,3,0:00.18
26,26,16,4,0:00.21
26,26,16,5,0:00.19
27,26,16,1,0:00.19
27,26,16,2,0:00.19
27,26,16,3,0:00.20
27,26,16,4,0:00.19
27,26,16,5,0:00.19
27,27,16,1,0:00.19
27,27,16,2,0:00.18
27,27,16,3,0:00.19
27,27,16,4,0:00.18
27,27,16,5,0:00.18
28,27,16,1,0:00.20
28,27,16,2,0:00.19
28,27,16,3,0:00.19
28,27,16,4,0:00.19
28,27,16,5,0:00.19
28,28,16,1,0:00.18
28,28,16,2,0:00.19
28,28,16,3,0:00.19
28,28,16,4,0:00.20
28,28,16,5,0:00.19
29,28,16,1,0:00.18
29,28,16,2,0:00.19
29,28,16,3,0:00.19
29,28,16,4,0:00.20
29,28,16,5,0:00.20
29,29,16,1,0:00.19
29,29,16,2,0:00.19
29,29,16,3,0:00.18
29,29,16,4,0:00.19
29,29,16,5,0:00.19
30,29,16,1,0:00.19
30,29,16,2,0:00.19
30,29,16,3,0:00.18
30,29,16,4,0:00.18
30,29,16,5,0:00.19
30,30,16,1,0:00.21
30,30,16,2,0:00.19
30,30,16,3,0:00.18
30,30,16,4,0:00.19
30,30,16,5,0:00.18
31,30,16,1,0:00.18
31,30,16,2,0:00.19
31,30,16,3,0:00.18
31,30,16,4,0:00.19
31,30,16,5,0:00.19
31,31,16,1,0:00.19
31,31,16,2,0:00.19
31,31,16,3,0:00.20
31,31,16,4,0:00.19
31,31,16,5,0:00.21
32,31,16,1,0:00.19
32,31,16,2,0:00.18
32,31,16,3,0:00.19
32,31,16,4,0:00.18
32,31,16,5,0:00.19
32,32,16,1,0:00.19
32,32,16,2,0:00.19
32,32,16,3,0:00.19
32,32,16,4,0:00.19
32,32,16,5,0:00.18
1,1,32,1,0:00.27
1,1,32,2,0:00.27
1,1,32,3,0:00.27
1,1,32,4,0:00.27
1,1,32,5,0:00.27
2,1,32,1,0:00.33
2,1,32,2,0:00.45
2,1,32,3,0:00.31
2,1,32,4,0:00.45
2,1,32,5,0:00.45
2,2,32,1,0:00.18
2,2,32,2,0:00.20
2,2,32,3,0:00.14
2,2,32,4,0:00.14
2,2,32,5,0:00.17
3,2,32,1,0:00.28
3,2,32,2,0:00.27
3,2,32,3,0:00.27
3,2,32,4,0:00.21
3,2,32,5,0:00.19
3,3,32,1,0:00.19
3,3,32,2,0:00.15
3,3,32,3,0:00.16
3,3,32,4,0:00.20
3,3,32,5,0:00.22
4,3,32,1,0:00.19
4,3,32,2,0:00.23
4,3,32,3,0:00.20
4,3,32,4,0:00.21
4,3,32,5,0:00.19
4,4,32,1,0:00.17
4,4,32,2,0:00.20
4,4,32,3,0:00.17
4,4,32,4,0:00.15
4,4,32,5,0:00.20
5,4,32,1,0:00.22
5,4,32,2,0:00.21
5,4,32,3,0:00.24
5,4,32,4,0:00.22
5,4,32,5,0:00.22
5,5,32,1,0:00.20
5,5,32,2,0:00.20
5,5,32,3,0:00.18
5,5,32,4,0:00.18
5,5,32,5,0:00.19
6,5,32,1,0:00.21
6,5,32,2,0:00.21
6,5,32,3,0:00.21
6,5,32,4,0:00.21
6,5,32,5,0:00.23
6,6,32,1,0:00.19
6,6,32,2,0:00.18
6,6,32,3,0:00.19
6,6,32,4,0:00.18
6,6,32,5,0:00.18
7,6,32,1,0:00.21
7,6,32,2,0:00.19
7,6,32,3,0:00.22
7,6,32,4,0:00.20
7,6,32,5,0:00.20
7,7,32,1,0:00.18
7,7,32,2,0:00.18
7,7,32,3,0:00.20
7,7,32,4,0:00.18
7,7,32,5,0:00.21
8,7,32,1,0:00.20
8,7,32,2,0:00.21
8,7,32,3,0:00.21
8,7,32,4,0:00.21
8,7,32,5,0:00.21
8,8,32,1,0:00.20
8,8,32,2,0:00.20
8,8,32,3,0:00.20
8,8,32,4,0:00.20
8,8,32,5,0:00.18
9,8,32,1,0:00.19
9,8,32,2,0:00.19
9,8,32,3,0:00.20
9,8,32,4,0:00.20
9,8,32,5,0:00.20
9,9,32,1,0:00.20
9,9,32,2,0:00.19
9,9,32,3,0:00.19
9,9,32,4,0:00.20
9,9,32,5,0:00.18
10,9,32,1,0:00.20
10,9,32,2,0:00.20
10,9,32,3,0:00.20
10,9,32,4,0:00.21
10,9,32,5,0:00.21
10,10,32,1,0:00.18
10,10,32,2,0:00.19
10,10,32,3,0:00.21
10,10,32,4,0:00.20
10,10,32,5,0:00.19
11,10,32,1,0:00.22
11,10,32,2,0:00.20
11,10,32,3,0:00.21
11,10,32,4,0:00.21
11,10,32,5,0:00.20
11,11,32,1,0:00.19
11,11,32,2,0:00.20
11,11,32,3,0:00.20
11,11,32,4,0:00.18
11,11,32,5,0:00.19
12,11,32,1,0:00.18
12,11,32,2,0:00.20
12,11,32,3,0:00.19
12,11,32,4,0:00.19
12,11,32,5,0:00.19
12,12,32,1,0:00.19
12,12,32,2,0:00.19
12,12,32,3,0:00.19
12,12,32,4,0:00.19
12,12,32,5,0:00.19
13,12,32,1,0:00.19
13,12,32,2,0:00.19
13,12,32,3,0:00.20
13,12,32,4,0:00.18
13,12,32,5,0:00.19
13,13,32,1,0:00.19
13,13,32,2,0:00.19
13,13,32,3,0:00.19
13,13,32,4,0:00.19
13,13,32,5,0:00.20
14,13,32,1,0:00.20
14,13,32,2,0:00.19
14,13,32,3,0:00.20
14,13,32,4,0:00.20
14,13,32,5,0:00.22
14,14,32,1,0:00.19
14,14,32,2,0:00.19
14,14,32,3,0:00.19
14,14,32,4,0:00.19
14,14,32,5,0:00.20
15,14,32,1,0:00.19
15,14,32,2,0:00.18
15,14,32,3,0:00.19
15,14,32,4,0:00.19
15,14,32,5,0:00.18
15,15,32,1,0:00.19
15,15,32,2,0:00.19
15,15,32,3,0:00.19
15,15,32,4,0:00.19
15,15,32,5,0:00.19
16,15,32,1,0:00.20
16,15,32,2,0:00.19
16,15,32,3,0:00.19
16,15,32,4,0:00.18
16,15,32,5,0:00.20
16,16,32,1,0:00.20
16,16,32,2,0:00.19
16,16,32,3,0:00.19
16,16,32,4,0:00.19
16,16,32,5,0:00.19
17,16,32,1,0:00.18
17,16,32,2,0:00.18
17,16,32,3,0:00.19
17,16,32,4,0:00.19
17,16,32,5,0:00.19
17,17,32,1,0:00.19
17,17,32,2,0:00.20
17,17,32,3,0:00.21
17,17,32,4,0:00.19
17,17,32,5,0:00.20
18,17,32,1,0:00.19
18,17,32,2,0:00.19
18,17,32,3,0:00.18
18,17,32,4,0:00.19
18,17,32,5,0:00.18
18,18,32,1,0:00.19
18,18,32,2,0:00.19
18,18,32,3,0:00.18
18,18,32,4,0:00.18
18,18,32,5,0:00.20
19,18,32,1,0:00.19
19,18,32,2,0:00.19
19,18,32,3,0:00.19
19,18,32,4,0:00.19
19,18,32,5,0:00.19
19,19,32,1,0:00.19
19,19,32,2,0:00.19
19,19,32,3,0:00.19
19,19,32,4,0:00.19
19,19,32,5,0:00.18
20,19,32,1,0:00.18
20,19,32,2,0:00.19
20,19,32,3,0:00.20
20,19,32,4,0:00.18
20,19,32,5,0:00.42
20,20,32,1,0:00.21
20,20,32,2,0:00.19
20,20,32,3,0:00.18
20,20,32,4,0:00.18
20,20,32,5,0:00.19
21,20,32,1,0:00.19
21,20,32,2,0:00.19
21,20,32,3,0:00.19
21,20,32,4,0:00.19
21,20,32,5,0:00.19
21,21,32,1,0:00.19
21,21,32,2,0:00.19
21,21,32,3,0:00.19
21,21,32,4,0:00.19
21,21,32,5,0:00.18
22,21,32,1,0:00.18
22,21,32,2,0:00.18
22,21,32,3,0:00.19
22,21,32,4,0:00.19
22,21,32,5,0:00.18
22,22,32,1,0:00.19
22,22,32,2,0:00.19
22,22,32,3,0:00.19
22,22,32,4,0:00.19
22,22,32,5,0:00.19
23,22,32,1,0:00.20
23,22,32,2,0:00.19
23,22,32,3,0:00.18
23,22,32,4,0:00.18
23,22,32,5,0:00.19
23,23,32,1,0:00.19
23,23,32,2,0:00.19
23,23,32,3,0:00.19
23,23,32,4,0:00.19
23,23,32,5,0:00.19
24,23,32,1,0:00.18
24,23,32,2,0:00.19
24,23,32,3,0:00.19
24,23,32,4,0:00.19
24,23,32,5,0:00.18
24,24,32,1,0:00.18
24,24,32,2,0:00.19
24,24,32,3,0:00.19
24,24,32,4,0:00.19
24,24,32,5,0:00.19
25,24,32,1,0:00.19
25,24,32,2,0:00.18
25,24,32,3,0:00.19
25,24,32,4,0:00.19
25,24,32,5,0:00.20
25,25,32,1,0:00.20
25,25,32,2,0:00.20
25,25,32,3,0:00.18
25,25,32,4,0:00.20
25,25,32,5,0:00.20
26,25,32,1,0:00.19
26,25,32,2,0:00.20
26,25,32,3,0:00.23
26,25,32,4,0:00.20
26,25,32,5,0:00.20
26,26,32,1,0:00.20
26,26,32,2,0:00.20
26,26,32,3,0:00.20
26,26,32,4,0:00.20
26,26,32,5,0:00.21
27,26,32,1,0:00.20
27,26,32,2,0:00.21
27,26,32,3,0:00.20
27,26,32,4,0:00.21
27,26,32,5,0:00.20
27,27,32,1,0:00.20
27,27,32,2,0:00.21
27,27,32,3,0:00.19
27,27,32,4,0:00.20
27,27,32,5,0:00.19
28,27,32,1,0:00.19
28,27,32,2,0:00.20
28,27,32,3,0:00.20
28,27,32,4,0:00.20
28,27,32,5,0:00.20
28,28,32,1,0:00.20
28,28,32,2,0:00.20
28,28,32,3,0:00.19
28,28,32,4,0:00.20
28,28,32,5,0:00.20
29,28,32,1,0:00.19
29,28,32,2,0:00.21
29,28,32,3,0:00.21
29,28,32,4,0:00.20
29,28,32,5,0:00.20
29,29,32,1,0:00.21
29,29,32,2,0:00.23
29,29,32,3,0:00.21
29,29,32,4,0:00.19
29,29,32,5,0:00.21
30,29,32,1,0:00.20
30,29,32,2,0:00.20
30,29,32,3,0:00.20
30,29,32,4,0:00.21
30,29,32,5,0:00.20
30,30,32,1,0:00.20
30,30,32,2,0:00.19
30,30,32,3,0:00.21
30,30,32,4,0:00.20
30,30,32,5,0:00.21
31,30,32,1,0:00.19
31,30,32,2,0:00.20
31,30,32,3,0:00.20
31,30,32,4,0:00.19
31,30,32,5,0:00.21
31,31,32,1,0:00.20
31,31,32,2,0:00.20
31,31,32,3,0:00.21
31,31,32,4,0:00.21
31,31,32,5,0:00.22
32,31,32,1,0:00.21
32,31,32,2,0:00.20
32,31,32,3,0:00.20
32,31,32,4,0:00.19
32,31,32,5,0:00.20
32,32,32,1,0:00.19
32,32,32,2,0:00.20
32,32,32,3,0:00.20
32,32,32,4,0:00.20
32,32,32,5,0:00.20
1,1,64,1,0:00.30
1,1,64,2,0:00.27
1,1,64,3,0:00.28
1,1,64,4,0:00.30
1,1,64,5,0:00.30
2,1,64,1,0:00.48
2,1,64,2,0:00.33
2,1,64,3,0:00.33
2,1,64,4,0:00.32
2,1,64,5,0:00.32
2,2,64,1,0:00.16
2,2,64,2,0:00.20
2,2,64,3,0:00.17
2,2,64,4,0:00.18
2,2,64,5,0:00.19
3,2,64,1,0:00.30
3,2,64,2,0:00.30
3,2,64,3,0:00.18
3,2,64,4,0:00.28
3,2,64,5,0:00.28
3,3,64,1,0:00.23
3,3,64,2,0:00.24
3,3,64,3,0:00.21
3,3,64,4,0:00.20
3,3,64,5,0:00.21
4,3,64,1,0:00.22
4,3,64,2,0:00.23
4,3,64,3,0:00.26
4,3,64,4,0:00.20
4,3,64,5,0:00.20
4,4,64,1,0:00.19
4,4,64,2,0:00.21
4,4,64,3,0:00.21
4,4,64,4,0:00.17
4,4,64,5,0:00.17
5,4,64,1,0:00.21
5,4,64,2,0:00.20
5,4,64,3,0:00.22
5,4,64,4,0:00.21
5,4,64,5,0:00.20
5,5,64,1,0:00.18
5,5,64,2,0:00.19
5,5,64,3,0:00.20
5,5,64,4,0:00.21
5,5,64,5,0:00.20
6,5,64,1,0:00.22
6,5,64,2,0:00.21
6,5,64,3,0:00.21
6,5,64,4,0:00.21
6,5,64,5,0:00.22
6,6,64,1,0:00.18
6,6,64,2,0:00.19
6,6,64,3,0:00.17
6,6,64,4,0:00.19
6,6,64,5,0:00.18
7,6,64,1,0:00.19
7,6,64,2,0:00.20
7,6,64,3,0:00.21
7,6,64,4,0:00.21
7,6,64,5,0:00.19
7,7,64,1,0:00.20
7,7,64,2,0:00.20
7,7,64,3,0:00.20
7,7,64,4,0:00.18
7,7,64,5,0:00.22
8,7,64,1,0:00.20
8,7,64,2,0:00.20
8,7,64,3,0:00.19
8,7,64,4,0:00.20
8,7,64,5,0:00.22
8,8,64,1,0:00.19
8,8,64,2,0:00.20
8,8,64,3,0:00.19
8,8,64,4,0:00.20
8,8,64,5,0:00.18
9,8,64,1,0:00.20
9,8,64,2,0:00.20
9,8,64,3,0:00.23
9,8,64,4,0:00.21
9,8,64,5,0:00.20
9,9,64,1,0:00.19
9,9,64,2,0:00.20
9,9,64,3,0:00.19
9,9,64,4,0:00.19
9,9,64,5,0:00.19
10,9,64,1,0:00.19
10,9,64,2,0:00.20
10,9,64,3,0:00.21
10,9,64,4,0:00.21
10,9,64,5,0:00.20
10,10,64,1,0:00.20
10,10,64,2,0:00.20
10,10,64,3,0:00.20
10,10,64,4,0:00.20
10,10,64,5,0:00.20
11,10,64,1,0:00.20
11,10,64,2,0:00.19
11,10,64,3,0:00.21
11,10,64,4,0:00.22
11,10,64,5,0:00.19
11,11,64,1,0:00.20
11,11,64,2,0:00.20
11,11,64,3,0:00.21
11,11,64,4,0:00.20
11,11,64,5,0:00.20
12,11,64,1,0:00.21
12,11,64,2,0:00.21
12,11,64,3,0:00.20
12,11,64,4,0:00.19
12,11,64,5,0:00.20
12,12,64,1,0:00.21
12,12,64,2,0:00.20
12,12,64,3,0:00.20
12,12,64,4,0:00.19
12,12,64,5,0:00.20
13,12,64,1,0:00.20
13,12,64,2,0:00.19
13,12,64,3,0:00.20
13,12,64,4,0:00.21
13,12,64,5,0:00.21
13,13,64,1,0:00.19
13,13,64,2,0:00.21
13,13,64,3,0:00.20
13,13,64,4,0:00.20
13,13,64,5,0:00.20
14,13,64,1,0:00.20
14,13,64,2,0:00.19
14,13,64,3,0:00.20
14,13,64,4,0:00.20
14,13,64,5,0:00.19
14,14,64,1,0:00.18
14,14,64,2,0:00.19
14,14,64,3,0:00.19
14,14,64,4,0:00.21
14,14,64,5,0:00.19
15,14,64,1,0:00.21
15,14,64,2,0:00.19
15,14,64,3,0:00.20
15,14,64,4,0:00.21
15,14,64,5,0:00.19
15,15,64,1,0:00.20
15,15,64,2,0:00.19
15,15,64,3,0:00.19
15,15,64,4,0:00.18
15,15,64,5,0:00.19
16,15,64,1,0:00.21
16,15,64,2,0:00.20
16,15,64,3,0:00.19
16,15,64,4,0:00.19
16,15,64,5,0:00.17
16,16,64,1,0:00.19
16,16,64,2,0:00.19
16,16,64,3,0:00.20
16,16,64,4,0:00.21
16,16,64,5,0:00.20
17,16,64,1,0:00.19
17,16,64,2,0:00.19
17,16,64,3,0:00.21
17,16,64,4,0:00.20
17,16,64,5,0:00.20
17,17,64,1,0:00.19
17,17,64,2,0:00.19
17,17,64,3,0:00.20
17,17,64,4,0:00.19
17,17,64,5,0:00.19
18,17,64,1,0:00.19
18,17,64,2,0:00.20
18,17,64,3,0:00.19
18,17,64,4,0:00.19
18,17,64,5,0:00.20
18,18,64,1,0:00.19
18,18,64,2,0:00.20
18,18,64,3,0:00.19
18,18,64,4,0:00.20
18,18,64,5,0:00.20
19,18,64,1,0:00.20
19,18,64,2,0:00.19
19,18,64,3,0:00.20
19,18,64,4,0:00.22
19,18,64,5,0:00.19
19,19,64,1,0:00.19
19,19,64,2,0:00.20
19,19,64,3,0:00.21
19,19,64,4,0:00.19
19,19,64,5,0:00.20
20,19,64,1,0:00.20
20,19,64,2,0:00.19
20,19,64,3,0:00.20
20,19,64,4,0:00.19
20,19,64,5,0:00.19
20,20,64,1,0:00.19
20,20,64,2,0:00.18
20,20,64,3,0:00.19
20,20,64,4,0:00.20
20,20,64,5,0:00.19
21,20,64,1,0:00.19
21,20,64,2,0:00.20
21,20,64,3,0:00.19
21,20,64,4,0:00.19
21,20,64,5,0:00.20
21,21,64,1,0:00.19
21,21,64,2,0:00.19
21,21,64,3,0:00.20
21,21,64,4,0:00.20
21,21,64,5,0:00.19
22,21,64,1,0:00.21
22,21,64,2,0:00.21
22,21,64,3,0:00.19
22,21,64,4,0:00.19
22,21,64,5,0:00.18
22,22,64,1,0:00.19
22,22,64,2,0:00.19
22,22,64,3,0:00.21
22,22,64,4,0:00.20
22,22,64,5,0:00.20
23,22,64,1,0:00.20
23,22,64,2,0:00.20
23,22,64,3,0:00.22
23,22,64,4,0:00.22
23,22,64,5,0:00.20
23,23,64,1,0:00.20
23,23,64,2,0:00.21
23,23,64,3,0:00.19
23,23,64,4,0:00.20
23,23,64,5,0:00.20
24,23,64,1,0:00.19
24,23,64,2,0:00.20
24,23,64,3,0:00.19
24,23,64,4,0:00.19
24,23,64,5,0:00.23
24,24,64,1,0:00.22
24,24,64,2,0:00.21
24,24,64,3,0:00.22
24,24,64,4,0:00.20
24,24,64,5,0:00.21
25,24,64,1,0:00.20
25,24,64,2,0:00.20
25,24,64,3,0:00.20
25,24,64,4,0:00.20
25,24,64,5,0:00.22
25,25,64,1,0:00.20
25,25,64,2,0:00.20
25,25,64,3,0:00.20
25,25,64,4,0:00.21
25,25,64,5,0:00.21
26,25,64,1,0:00.20
26,25,64,2,0:00.20
26,25,64,3,0:00.18
26,25,64,4,0:00.20
26,25,64,5,0:00.21
26,26,64,1,0:00.24
26,26,64,2,0:00.21
26,26,64,3,0:00.21
26,26,64,4,0:00.20
26,26,64,5,0:00.20
27,26,64,1,0:00.22
27,26,64,2,0:00.20
27,26,64,3,0:00.20
27,26,64,4,0:00.21
27,26,64,5,0:00.22
27,27,64,1,0:00.20
27,27,64,2,0:00.22
27,27,64,3,0:00.21
27,27,64,4,0:00.20
27,27,64,5,0:00.22
28,27,64,1,0:00.19
28,27,64,2,0:00.19
28,27,64,3,0:00.19
28,27,64,4,0:00.19
28,27,64,5,0:00.19
28,28,64,1,0:00.19
28,28,64,2,0:00.19
28,28,64,3,0:00.19
28,28,64,4,0:00.19
28,28,64,5,0:00.20
29,28,64,1,0:00.19
29,28,64,2,0:00.20
29,28,64,3,0:00.19
29,28,64,4,0:00.19
29,28,64,5,0:00.18
29,29,64,1,0:00.19
29,29,64,2,0:00.19
29,29,64,3,0:00.19
29,29,64,4,0:00.18
29,29,64,5,0:00.19
30,29,64,1,0:00.21
30,29,64,2,0:00.19
30,29,64,3,0:00.24
30,29,64,4,0:00.20
30,29,64,5,0:00.19
30,30,64,1,0:00.19
30,30,64,2,0:00.18
30,30,64,3,0:00.19
30,30,64,4,0:00.19
30,30,64,5,0:00.19
31,30,64,1,0:00.19
31,30,64,2,0:00.19
31,30,64,3,0:00.20
31,30,64,4,0:00.19
31,30,64,5,0:00.19
31,31,64,1,0:00.18
31,31,64,2,0:00.19
31,31,64,3,0:00.20
31,31,64,4,0:00.19
31,31,64,5,0:00.19
32,31,64,1,0:00.19
32,31,64,2,0:00.19
32,31,64,3,0:00.19
32,31,64,4,0:00.19
32,31,64,5,0:00.20
32,32,64,1,0:00.20
32,32,64,2,0:00.18
32,32,64,3,0:00.18
32,32,64,4,0:00.22
32,32,64,5,0:00.21
